name,customerId
Test Person 01,LIMIT-001
Test Person 02,LIMIT-002
Test Person 03,LIMIT-003
Test Person 04,LIMIT-004
Test Person 05,LIMIT-005
Test Person 06,LIMIT-006
Test Person 07,LIMIT-007
Test Person 08,LIMIT-008
Test Person 09,LIMIT-009
Test Person 10,LIMIT-010
Test Person 11,LIMIT-011
Test Person 12,LIMIT-012
Test Person 13,LIMIT-013
Test Person 14,LIMIT-014
Test Person 15,LIMIT-015
Test Person 16,LIMIT-016
Test Person 17,LIMIT-017
Test Person 18,LIMIT-018
Test Person 19,LIMIT-019
Test Person 20,LIMIT-020
Test Person 21,LIMIT-021
Test Person 22,LIMIT-022
Test Person 23,LIMIT-023
Test Person 24,LIMIT-024
Test Person 25,LIMIT-025
Test Person 26,LIMIT-026
